DRG Definition,Provider ID,Provider Name,Provider Street Address,Provider City,Provider State,Provider Zip Code,Hospital Referral Region (HRR) Description,Total Discharges,Average Covered Charges,Average Total Payments,Average Medicare Payments,from the Outpatient_Data_2017_XLSX,Hospital Name,Address,City,State,ZIP Code,County Name,Phone Number,Hospital Type,Hospital Ownership,Emergency Services,Meets criteria for meaningful use of EHRs,Hospital overall rating,Hospital overall rating footnote,Mortality national comparison,Mortality national comparison footnote,Safety of care national comparison,Safety of care national comparison footnote,Readmission national comparison,Readmission national comparison footnote,Patient experience national comparison,Patient experience national comparison footnote,Effectiveness of care national comparison,Effectiveness of care national comparison footnote,Timeliness of care national comparison,Timeliness of care national comparison footnote,Efficient use of medical imaging national comparison,Efficient use of medical imaging national comparison footnote,Population,Population Density,Median Home Value,median Household Income
638 - DIABETES W CC,330019,"NEW YORK COMMUNITY HOSPITAL OF BROOKLYN, INC.",2525 KINGS HIGHWAY,BROOKLYN,NY,11229,NY - Manhattan,38,16566.63,7701.89,6749.84,,"NEW YORK COMMUNITY HOSPITAL OF BROOKLYN, INC.",2525 KINGS HIGHWAY,BROOKLYN,NY,11229.0,KINGS,7186925302.0,Acute Care Hospitals,Voluntary non-profit - Private,Yes,Y,2.0,,Above the national average,,Above the national average,,Below the national average,,Below the national average,,Same as the national average,,Below the national average,,Not Available,Results are not available for this reporting period.,80018,36934,524100,51725
638 - DIABETES W CC,330024,MOUNT SINAI HOSPITAL,ONE GUSTAVE L LEVY PLACE,NEW YORK,NY,10029,NY - Manhattan,56,31608.25,11281.54,8337.98,,MOUNT SINAI HOSPITAL,ONE GUSTAVE L LEVY PLACE,NEW YORK,NY,10029.0,NEW YORK,2122417981.0,Acute Care Hospitals,Voluntary non-profit - Private,Yes,Y,3.0,,Above the national average,,Above the national average,,Below the national average,,Below the national average,,Same as the national average,,Below the national average,,Same as the national average,,76003,92116,787000,31888
638 - DIABETES W CC,330028,RICHMOND UNIVERSITY MEDICAL CENTER,355 BARD AVENUE,STATEN ISLAND,NY,10304,NY - Manhattan,33,29524.94,9813.0,8254.06,,RICHMOND UNIVERSITY MEDICAL CENTER,355 BARD AVENUE,STATEN ISLAND,NY,10304.0,RICHMOND,7188181234.0,Acute Care Hospitals,Voluntary non-profit - Private,Yes,Y,1.0,,Same as the national average,,Below the national average,,Below the national average,,Below the national average,,Below the national average,,Below the national average,,Not Available,Results are not available for this reporting period.,42193,10889,403700,53168
638 - DIABETES W CC,330046,MOUNT SINAI WEST,1000 TENTH AVENUE,NEW YORK,NY,10019,NY - Manhattan,52,49088.04,11566.67,9653.13,,MOUNT SINAI WEST,1000 TENTH AVENUE,NEW YORK,NY,10019.0,NEW YORK,2125234000.0,Acute Care Hospitals,Voluntary non-profit - Private,Yes,Y,3.0,,Above the national average,,Above the national average,,Below the national average,,Below the national average,,Same as the national average,,Below the national average,,Same as the national average,,42870,63042,808600,84424
638 - DIABETES W CC,330056,BROOKLYN HOSPITAL CENTER AT DOWNTOWN CAMPUS,121 DEKALB AVENUE,BROOKLYN,NY,11201,NY - Manhattan,28,42428.64,12535.11,10231.43,,BROOKLYN HOSPITAL CENTER AT DOWNTOWN CAMPUS,121 DEKALB AVENUE,BROOKLYN,NY,11201.0,KINGS,7182508000.0,Acute Care Hospitals,Voluntary non-profit - Private,Yes,Y,1.0,,Same as the national average,,Above the national average,,Below the national average,,Below the national average,,Same as the national average,,Below the national average,,Same as the national average,,51128,35981,669000,95369
638 - DIABETES W CC,330101,NEW YORK-PRESBYTERIAN HOSPITAL,525 EAST 68TH STREET,NEW YORK,NY,10065,NY - Manhattan,118,55153.26,11270.36,9236.72,,NEW YORK-PRESBYTERIAN HOSPITAL,525 EAST 68TH STREET,NEW YORK,NY,10065.0,NEW YORK,2127465454.0,Acute Care Hospitals,Voluntary non-profit - Private,Yes,Y,4.0,,Above the national average,,Below the national average,,Above the national average,,Below the national average,,Same as the national average,,Below the national average,,Below the national average,,32270,83533,1000001,115519
638 - DIABETES W CC,330119,LENOX HILL HOSPITAL,100 EAST 77TH STREET,NEW YORK,NY,10021,NY - Manhattan,27,48992.33,9920.44,7598.41,,LENOX HILL HOSPITAL,100 EAST 77TH STREET,NEW YORK,NY,10021.0,NEW YORK,2124392345.0,Acute Care Hospitals,Voluntary non-profit - Private,Yes,Y,2.0,,Above the national average,,Below the national average,,Below the national average,,Below the national average,,Same as the national average,,Same as the national average,,Same as the national average,,43631,112711,1000001,107907
638 - DIABETES W CC,330160,STATEN ISLAND UNIVERSITY HOSPITAL,475 SEAVIEW AVENUE,STATEN ISLAND,NY,10305,NY - Manhattan,41,30240.54,8965.76,7262.98,,STATEN ISLAND UNIVERSITY HOSPITAL,475 SEAVIEW AVENUE,STATEN ISLAND,NY,10305.0,RICHMOND,7182269000.0,Acute Care Hospitals,Voluntary non-profit - Private,Yes,Y,1.0,,Same as the national average,,Below the national average,,Below the national average,,Below the national average,,Same as the national average,,Below the national average,,Same as the national average,,41749,9819,415300,70758
638 - DIABETES W CC,330169,MOUNT SINAI BETH ISRAEL,FIRST AVENUE AT 16TH STREET,NEW YORK,NY,10003,NY - Manhattan,55,44684.84,10509.44,8441.35,,MOUNT SINAI BETH ISRAEL,FIRST AVENUE AT 16TH STREET,NEW YORK,NY,10003.0,NEW YORK,2124202000.0,Acute Care Hospitals,Voluntary non-profit - Private,Yes,Y,2.0,,Above the national average,,Below the national average,,Below the national average,,Below the national average,,Same as the national average,,Below the national average,,Same as the national average,,56024,97188,817700,92540
638 - DIABETES W CC,330194,MAIMONIDES MEDICAL CENTER,4802 TENTH AVENUE,BROOKLYN,NY,11219,NY - Manhattan,35,30655.51,11518.8,9603.77,,MAIMONIDES MEDICAL CENTER,4802 TENTH AVENUE,BROOKLYN,NY,11219.0,KINGS,7182836000.0,Acute Care Hospitals,Voluntary non-profit - Private,Yes,Y,2.0,,Above the national average,,Below the national average,,Below the national average,,Below the national average,,Same as the national average,,Below the national average,,Above the national average,,92221,62225,726700,34316
638 - DIABETES W CC,330196,CONEY ISLAND HOSPITAL,2601 OCEAN PARKWAY,BROOKLYN,NY,11235,NY - Manhattan,23,41458.65,11093.35,9631.87,,CONEY ISLAND HOSPITAL,2601 OCEAN PARKWAY,BROOKLYN,NY,11235.0,KINGS,7186163000.0,Acute Care Hospitals,Government - Local,Yes,Y,1.0,,Same as the national average,,Below the national average,,Below the national average,,Below the national average,,Below the national average,,Below the national average,,Not Available,Results are not available for this reporting period.,79132,35237,531000,41639
638 - DIABETES W CC,330201,KINGSBROOK JEWISH MEDICAL CENTER,585 SCHENECTADY AVENUE,BROOKLYN,NY,11203,NY - Manhattan,46,40026.3,9496.89,7498.43,,KINGSBROOK JEWISH MEDICAL CENTER,585 SCHENECTADY AVENUE,BROOKLYN,NY,11203.0,KINGS,7186045789.0,Acute Care Hospitals,Voluntary non-profit - Private,Yes,Y,1.0,,Above the national average,,Below the national average,,Below the national average,,Below the national average,,Same as the national average,,Below the national average,,Not Available,Results are not available for this reporting period.,76174,35502,426100,48400
638 - DIABETES W CC,330202,KINGS COUNTY HOSPITAL CENTER,451 CLARKSON AVENUE,BROOKLYN,NY,11203,NY - Manhattan,35,34156.66,15916.03,13935.2,,KINGS COUNTY HOSPITAL CENTER,451 CLARKSON AVENUE,BROOKLYN,NY,11203.0,KINGS,7182453901.0,Acute Care Hospitals,Government - Local,Yes,Y,1.0,,Same as the national average,,Below the national average,,Below the national average,,Below the national average,,Below the national average,,Below the national average,,Not Available,Results are not available for this reporting period.,76174,35502,426100,48400
638 - DIABETES W CC,330214,NYU LANGONE HOSPITALS,550 FIRST AVENUE,NEW YORK,NY,10016,NY - Manhattan,75,57740.11,11259.43,8632.17,,NYU LANGONE HOSPITALS,550 FIRST AVENUE,NEW YORK,NY,10016.0,NEW YORK,2122637300.0,Acute Care Hospitals,Voluntary non-profit - Private,Yes,Y,5.0,,Above the national average,,Above the national average,,Above the national average,,Same as the national average,,Same as the national average,,Below the national average,,Above the national average,,54183,101814,759600,105324
638 - DIABETES W CC,330221,WYCKOFF HEIGHTS MEDICAL CENTER,374 STOCKHOLM STREET,BROOKLYN,NY,11237,NY - Manhattan,29,14900.69,11452.97,9668.28,,WYCKOFF HEIGHTS MEDICAL CENTER,374 STOCKHOLM STREET,BROOKLYN,NY,11237.0,KINGS,7189637272.0,Acute Care Hospitals,Voluntary non-profit - Private,Yes,Y,1.0,,Same as the national average,,Below the national average,,Below the national average,,Below the national average,,Same as the national average,,Below the national average,,Not Available,Results are not available for this reporting period.,49896,50927,464500,40372
638 - DIABETES W CC,330233,BROOKDALE HOSPITAL MEDICAL CENTER,1 BROOKDALE PLAZA,BROOKLYN,NY,11212,NY - Manhattan,14,23093.43,12914.71,10716.43,,BROOKDALE HOSPITAL MEDICAL CENTER,1 BROOKDALE PLAZA,BROOKLYN,NY,11212.0,KINGS,7182405966.0,Acute Care Hospitals,Voluntary non-profit - Private,Yes,Y,1.0,,Same as the national average,,Below the national average,,Below the national average,,Below the national average,,Below the national average,,Below the national average,,Same as the national average,,84500,54944,391700,28348
638 - DIABETES W CC,330236,NEW YORK-PRESBYTERIAN BROOKLYN METHODIST HOSPITAL,506 SIXTH STREET,BROOKLYN,NY,11215,NY - Manhattan,51,28499.0,9643.67,7853.49,,NEW YORK-PRESBYTERIAN BROOKLYN METHODIST HOSPITAL,506 SIXTH STREET,BROOKLYN,NY,11215.0,KINGS,7187803000.0,Acute Care Hospitals,Voluntary non-profit - Private,Yes,Y,1.0,,Above the national average,,Below the national average,,Below the national average,,Below the national average,,Same as the national average,,Below the national average,,Same as the national average,,63488,29148,913200,95654
638 - DIABETES W CC,330240,HARLEM HOSPITAL CENTER,506 LENOX AVENUE,NEW YORK,NY,10037,NY - Manhattan,11,18812.73,14696.64,13130.0,,HARLEM HOSPITAL CENTER,506 LENOX AVENUE,NEW YORK,NY,10037.0,NEW YORK,2124918400.0,Acute Care Hospitals,Government - Local,Yes,Y,1.0,,Same as the national average,,Same as the national average,,Below the national average,,Below the national average,,Same as the national average,,Below the national average,,Not Available,There are too few measures or measure groups reported to calculate a star rating or measure group score.,17416,65973,260200,37341
638 - DIABETES W CC,330350,UNIVERSITY HOSPITAL OF BROOKLYN ( DOWNSTATE ),445 LENOX ROAD,BROOKLYN,NY,11203,NY - Manhattan,28,31322.46,16565.39,10859.86,,UNIVERSITY HOSPITAL OF BROOKLYN ( DOWNSTATE ),445 LENOX ROAD,BROOKLYN,NY,11203.0,KINGS,7182701000.0,Acute Care Hospitals,Government - State,Yes,Y,1.0,,Same as the national average,,Below the national average,,Below the national average,,Below the national average,,Below the national average,,Below the national average,,Same as the national average,,76174,35502,426100,48400
